"","x"
"1","LEF1"
"2","BCL11B"
"3","PAX5"
"4","BACH2"
"5","ARHGAP24"
"6","PRDM16"
"7","EBF1"
"8","CD247"
"9","ADAM19"
"10","BCL11A"
"11","BLK"
"12","GNG7"
"13","LINC01619"
"14","MS4A1"
"15","PLEKHG1"
"16","PRKCH"
"17","ZEB2"
"18","BANK1"
"19","CIITA"
"20","GSE1"
"21","TCF7L2"
"22","TGFBR3"
"23","CD22"
"24","ETS1"
"25","PITPNC1"
"26","RBM47"
"27","VPREB1"
"28","ADAM28"
"29","FYN"
"30","IRF8"
"31","NFIA"
"32","RHOH"
"33","SERINC5"
"34","SNX29"
"35","AFF3"
"36","ERG"
"37","LIMCH1"
"38","STEAP1B"
"39","WDFY4"
"40","BLNK"
"41","BMP2K"
"42","CCR7"
"43","FNDC3B"
"44","GATA2"
"45","MEIS1"
"46","PRKCA"
"47","TCF7"
"48","TNRC6C"
"49","TSHZ2"
"50","CALN1"
"51","CCL5"
"52","DOCK9"
"53","GRAP2"
"54","IL7R"
"55","JAZF1"
"56","MAMDC2"
"57","MEF2C"
"58","PLD1"
"59","VIM"
"60","AOAH"
"61","CD5"
"62","CD6"
"63","CDC14A"
"64","CLIP2"
"65","DAPK1"
"66","DENND5B"
"67","FCHSD2"
"68","FOXP1"
"69","GRB10"
"70","KLHL14"
"71","MECOM"
"72","MTSS1"
"73","NCAM1"
"74","PLCL1"
"75","PPP2R5C"
"76","PRKAR2B"
"77","PROM1"
"78","RALGPS2"
"79","RUBCNL"
"80","SAMHD1"
"81","STXBP6"
"82","THEMIS"
"83","TRABD2A"
"84","ZMIZ1"
"85","CNRIP1"
"86","E2F3"
"87","EREG"
"88","FAM30A"
"89","FCRL1"
"90","FOXO1"
"91","GAS7"
"92","HLA-DQA1"
"93","HLF"
"94","INPP4B"
"95","ITGA9-AS1"
"96","KLF4"
"97","MALAT1"
"98","MAP3K1"
"99","MEG3"
"100","MGAT5"
"101","MSI2"
"102","NCALD"
"103","PALM2-AKAP2"
"104","RCAN3"
"105","SIPA1L3"
"106","STRBP"
"107","SWAP70"
"108","ZNF521"
"109","AAK1"
"110","ABCC4"
"111","AC010880.1"
"112","ACOT11"
"113","CBFA2T3"
"114","CCND3"
"115","CD74"
"116","CD99"
"117","CHL1"
"118","FCER2"
"119","IGLL1"
"120","IL18R1"
"121","ITK"
"122","LINC00926"
"123","LTBP1"
"124","LYN"
"125","MBOAT2"
"126","MICAL3"
"127","NKG7"
"128","NLK"
"129","OXNAD1"
"130","PIEZO2"
"131","PPM1H"
"132","RNF220"
"133","RUNX3"
"134","RYR3"
"135","SLC24A3"
"136","SLC24A4"
"137","SLFN12L"
"138","SMCHD1"
"139","STAT4"
"140","SYK"
"141","TBXAS1"
"142","TCL1A"
"143","TFRC"
"144","TNFAIP3"
"145","TNS1"
"146","TNS3"
"147","TRIO"
"148","ANK1"
"149","ANO2"
"150","ATXN1"
"151","B3GNTL1"
"152","BCL2"
"153","CACNB2"
"154","CARD11"
"155","CD36"
"156","CD3D"
"157","CD3E"
"158","CD69"
"159","CDK14"
"160","CLEC7A"
"161","CRHBP"
"162","CTDSPL"
"163","CUX1"
"164","DNAJC6"
"165","EHBP1"
"166","ELMO1"
"167","EMID1"
"168","FCER1A"
"169","FGD5"
"170","FLT3"
"171","FRMD4B"
"172","GNA15"
"173","GNLY"
"174","GPR183"
"175","GRK3"
"176","HIVEP2"
"177","HVCN1"
"178","ICOS"
"179","IKZF3"
"180","IL4R"
"181","KLF12"
"182","LRRC8C"
"183","MAML2"
"184","MAP7"
"185","NCOA3"
"186","NEGR1"
"187","NET1"
"188","NETO1"
"189","NFKB1"
"190","NPR3"
"191","PAG1"
"192","PDE3B"
"193","PRF1"
"194","PRKCQ-AS1"
"195","PYHIN1"
"196","RASA3"
"197","RBPMS"
"198","RNF24"
"199","SIRPB2"
"200","SKAP1"
"201","SLC25A6"
"202","SLC38A11"
"203","SMIM24"
"204","STOX2"
"205","TBC1D9"
"206","TC2N"
"207","TMEM170B"
"208","TTC7B"
"209","TWSG1"
"210","VWF"
"211","ZCCHC7"
"212","ZFP36L2"
"213","ADGRE2"
"214","ANGPT1"
"215","ARHGAP22"
"216","ARHGAP26"
"217","ARL4C"
"218","BAALC"
"219","C5AR1"
"220","CAT"
"221","CBX3"
"222","CD2"
"223","CD79A"
"224","CD79B"
"225","CD83"
"226","CHST11"
"227","COL19A1"
"228","DST"
"229","EGFL7"
"230","EML4"
"231","FAM49A"
"232","GAB2"
"233","GNG2"
"234","HCK"
"235","HLA-DRB1"
"236","HMGA2"
"237","HSPG2"
"238","IKZF2"
"239","IL12RB2"
"240","IL6ST"
"241","INPP4A"
"242","IRAK3"
"243","LINC01550"
"244","LPCAT2"
"245","LTB"
"246","MAN1C1"
"247","MCTP1"
"248","MED12L"
"249","MICAL2"
"250","MIR181A1HG"
"251","MSRB3"
"252","MYH10"
"253","NEURL1B"
"254","NKAIN2"
"255","NR6A1"
"256","PACS1"
"257","PCBP3"
"258","PCDH9"
"259","PDE3A"
"260","PLCB4"
"261","PRELID2"
"262","PTTG1IP"
"263","RGS18"
"264","RIN2"
"265","RNF130"
"266","RNF157"
"267","SLC22A23"
"268","SLC2A3"
"269","SLC4A1"
"270","SMAP2"
"271","SNX9"
"272","SPRED2"
"273","STK17B"
"274","SYNE2"
"275","TCF4"
"276","TNRC18"
"277","TPD52"
"278","TRAF1"
"279","USP3"
"280","YWHAE"
"281","ABCC1"
"282","ADGRG6"
"283","ANGPTL1"
"284","ANPEP"
"285","APOBEC3A"
"286","ARHGAP6"
"287","ATM"
"288","B4GALT6"
"289","BCAT1"
"290","BCR"
"291","C1QTNF4"
"292","CABLES1"
"293","CAMK4"
"294","CBLB"
"295","CD28"
"296","CD82"
"297","CD86"
"298","CEBPA"
"299","CHD7"
"300","CHRM3"
"301","CHST15"
"302","CLIC4"
"303","CMTM8"
"304","CNR2"
"305","COL24A1"
"306","CP"
"307","CR1L"
"308","CSF2RB"
"309","DEPTOR"
"310","DMXL2"
"311","DNM3"
"312","DOCK1"
"313","EHD2"
"314","EIF2AK1"
"315","EIF4G3"
"316","EPB41L3"
"317","FADS2"
"318","FAM107B"
"319","FHDC1"
"320","FTH1"
"321","GCSAML"
"322","GFI1B"
"323","GLI2"
"324","GLOD5"
"325","GMPR"
"326","HBD"
"327","HDC"
"328","HTR1F"
"329","IQGAP2"
"330","ITGAX"
"331","KHDRBS2"
"332","KLRC1"
"333","KLRD1"
"334","KLRF1"
"335","KYNU"
"336","LRRC25"
"337","MGAT4A"
"338","MGST1"
"339","MYBL1"
"340","NAMPT"
"341","NECTIN2"
"342","NELL2"
"343","NT5C2"
"344","OSBPL10"
"345","PARVB"
"346","PDGFC"
"347","PDZD8"
"348","PIP5K1B"
"349","PLCB1"
"350","PLXDC2"
"351","POU2F2"
"352","PRAM1"
"353","PREX2"
"354","PRKCB"
"355","PRR16"
"356","PRSS57"
"357","PSAP"
"358","PSTPIP2"
"359","PTGS1"
"360","RAB31"
"361","RAPGEF6"
"362","RASGRF2"
"363","RASGRP1"
"364","RASSF8"
"365","RDX"
"366","RFX8"
"367","RIN3"
"368","RUNX2"
"369","RYBP"
"370","SCN3A"
"371","SERPINB1"
"372","SLC22A16"
"373","SLC8A1"
"374","SLFN5"
"375","SOX4"
"376","SPNS2"
"377","TAL1"
"378","TEC"
"379","THRB"
"380","TIMP3"
"381","TKT"
"382","TNFRSF21"
"383","TP53INP1"
"384","USP6NL"
"385","VAV2"
"386","VPREB3"
"387","ZBTB8A"
"388","AC016735.1"
"389","AC104088.1"
"390","ACSM3"
"391","ACTG1"
"392","ANK3"
"393","ARID5B"
"394","BASP1"
"395","BICDL1"
"396","BTBD3"
"397","BTG1"
"398","CAMK1D"
"399","CAMK2D"
"400","CCR4"
"401","CCR6"
"402","CD226"
"403","CD34"
"404","CD3G"
"405","CDC42SE2"
"406","CDH4"
"407","CDT1"
"408","CLEC9A"
"409","CPEB4"
"410","CPVL"
"411","CTNNBL1"
"412","CXCL8"
"413","CXCR4"
"414","CYTH1"
"415","CYTIP"
"416","DENND3"
"417","DLC1"
"418","DLGAP5"
"419","DNAJB6"
"420","DOCK5"
"421","DOK6"
"422","DPY19L2"
"423","DPYSL3"
"424","EPGN"
"425","EXOC6"
"426","FAM167A"
"427","FAM171B"
"428","FAM49B"
"429","FAR2"
"430","FCGR3A"
"431","FGL2"
"432","FKBP4"
"433","FKBP5"
"434","GALNT1"
"435","GLUL"
"436","GNAQ"
"437","GPC5"
"438","GSTP1"
"439","GYPC"
"440","H2AFY"
"441","HACD1"
"442","HDAC9"
"443","ID1"
"444","IL2RB"
"445","IL6"
"446","ITGAL"
"447","ITGAM"
"448","ITGB1"
"449","ITGB8"
"450","JUNB"
"451","KCNH8"
"452","KIF13A"
"453","KLF1"
"454","LAMTOR1"
"455","LAPTM4B"
"456","LARGE1"
"457","LATS2"
"458","LEF1-AS1"
"459","LIMS1"
"460","LINC00299"
"461","LITAF"
"462","LMO2"
"463","LRRK2"
"464","LYST"
"465","MAFB"
"466","MAML3"
"467","MBOAT7"
"468","MCM2"
"469","MCTP2"
"470","MLLT3"
"471","MPEG1"
"472","MYCN"
"473","MYLK4"
"474","MYO1E"
"475","MYOF"
"476","NFKBIZ"
"477","NPAS3"
"478","NPC1"
"479","NPDC1"
"480","NPM1"
"481","NR3C2"
"482","NRIP1"
"483","NRXN3"
"484","OSBPL1A"
"485","P2RY12"
"486","PDZD2"
"487","PELI1"
"488","PIP4K2A"
"489","PKD2"
"490","PLAUR"
"491","POU2AF1"
"492","PRKCE"
"493","PTPN14"
"494","PTPRM"
"495","RAB32"
"496","RANBP17"
"497","RAPGEF2"
"498","RORA"
"499","RPL7A"
"500","RPS5"
"501","RREB1"
"502","RTKN2"
"503","RXFP1"
"504","S1PR5"
"505","SCARB2"
"506","SEC14L4"
"507","SEL1L3"
"508","SETBP1"
"509","SFRP4"
"510","SLC40A1"
"511","SOCS2"
"512","SPON2"
"513","ST7"
"514","STAC"
"515","STIL"
"516","STK32B"
"517","STK33"
"518","STON2"
"519","STXBP5"
"520","SYTL3"
"521","TAGLN2"
"522","TANC1"
"523","TMEM163"
"524","TOX"
"525","TRIM24"
"526","TRIM58"
"527","TUBB6"
"528","TVP23C"
"529","UBAC1"
"530","UVRAG"
"531","VAV3"
"532","WASF1"
"533","XCL2"
"534","XK"
"535","ZMAT4"
"536","ZNF385D"
"537","ZNF608"
"538","ZNRF1"
"539","ABO"
"540","AC007422.1"
"541","ACSL1"
"542","ADGRE5"
"543","AFF1"
"544","AGPAT5"
"545","AHR"
"546","AHSP"
"547","AKAP12"
"548","ALAD"
"549","ALOX5"
"550","ALS2"
"551","ANKRD44"
"552","ANTXR2"
"553","AQP9"
"554","ASAP2"
"555","ATP1B1"
"556","ATP2B1"
"557","ATP6V0A1"
"558","ATP6V0A2"
"559","ATP8B4"
"560","AUTS2"
"561","AVP"
"562","BAHCC1"
"563","BMPR1B"
"564","BTLA"
"565","C17orf99"
"566","CCR1"
"567","CD109"
"568","CD14"
"569","CD19"
"570","CD24"
"571","CD300LF"
"572","CD4"
"573","CD44"
"574","CD96"
"575","CDC42BPA"
"576","CDCP1"
"577","CDKN1C"
"578","CERS6"
"579","CHIT1"
"580","CHSY1"
"581","CLEC11A"
"582","CLU"
"583","CMBL"
"584","CNKSR3"
"585","CNTLN"
"586","COL23A1"
"587","CORO1C"
"588","COX4I1"
"589","CPB1"
"590","CPPED1"
"591","CSF3R"
"592","CSGALNACT1"
"593","CTBP2"
"594","CYBA"
"595","CYP7B1"
"596","CYTL1"
"597","CYYR1"
"598","DACH1"
"599","DDAH2"
"600","DGKA"
"601","DNTT"
"602","DTL"
"603","EDA"
"604","EFHC2"
"605","EFNA5"
"606","EMILIN2"
"607","ENO1"
"608","ENTPD1"
"609","ERFE"
"610","ERLIN1"
"611","ETS2"
"612","ETV6"
"613","EZR"
"614","FADS1"
"615","FAM117B"
"616","FAM13A"
"617","FCAR"
"618","FCRL3"
"619","FCRL5"
"620","FECH"
"621","FGD4"
"622","FGR"
"623","FNIP1"
"624","FPR1"
"625","FREM1"
"626","GAB1"
"627","GALNT14"
"628","GAPDH"
"629","GDI2"
"630","GNA12"
"631","GP1BB"
"632","GPAT3"
"633","GPC6"
"634","GPSM1"
"635","GPX4"
"636","GZMA"
"637","GZMB"
"638","H1F0"
"639","HBA1"
"640","HBB"
"641","HBM"
"642","HEMGN"
"643","HGF"
"644","HIPK2"
"645","HLA-DQA2"
"646","HLA-DRB5"
"647","HMOX1"
"648","HOXB3"
"649","HSP90AA1"
"650","ID2"
"651","IFI30"
"652","IFNG"
"653","IKZF1"
"654","IL1B"
"655","IQGAP1"
"656","IQSEC1"
"657","ITGA4"
"658","ITPKB"
"659","ITPR1"
"660","KCNH2"
"661","KCNQ5"
"662","KEL"
"663","KIAA1211"
"664","KIF2C"
"665","KIT"
"666","KLRC3"
"667","LDLRAD3"
"668","LEPR"
"669","LEPROTL1"
"670","LINC00298"
"671","LINC00534"
"672","LINC00861"
"673","LINC00877"
"674","LINC01013"
"675","LINC01122"
"676","LRP12"
"677","LRRFIP2"
"678","LRRN2"
"679","LSM7"
"680","LTBR"
"681","LY86"
"682","LYL1"
"683","MACC1"
"684","MALT1"
"685","MARCKS"
"686","MAT2A"
"687","MEG8"
"688","METAP1D"
"689","MINPP1"
"690","MIR99AHG"
"691","MN1"
"692","MPO"
"693","MPP1"
"694","MPPED2"
"695","MPST"
"696","MTURN"
"697","MYL4"
"698","MYO1F"
"699","MYO5C"
"700","NAT14"
"701","NDFIP1"
"702","NEDD4"
"703","NFE2"
"704","NFIA-AS1"
"705","NHSL1"
"706","NLGN1"
"707","NOCT"
"708","NUDT1"
"709","OSBP2"
"710","OSCAR"
"711","P2RX1"
"712","P2RY14"
"713","PARD3B"
"714","PCAT1"
"715","PCSK5"
"716","PDLIM1"
"717","PECAM1"
"718","PGM5"
"719","PHLPP1"
"720","PID1"
"721","PIK3CB"
"722","PIK3IP1"
"723","PKIG"
"724","PLA2G4A"
"725","PLCG2"
"726","PLEKHA2"
"727","PPP1R9A"
"728","PPP2R2B"
"729","PRDM2"
"730","PROSER2"
"731","PRR11"
"732","PRR5L"
"733","PTGS2"
"734","PTH2R"
"735","PTMS"
"736","PXDN"
"737","RAB37"
"738","RAB6B"
"739","RAPGEF1"
"740","RASGRP3"
"741","RFX2"
"742","RHAG"
"743","RPL12"
"744","RPL13"
"745","RPL18A"
"746","RSPH1"
"747","RTN3"
"748","SAMD3"
"749","SARAF"
"750","SCARB1"
"751","SEMA3C"
"752","SEMA6A"
"753","SERPINE2"
"754","SERPING1"
"755","SESN3"
"756","SH3RF1"
"757","SHANK2"
"758","SIPA1L1"
"759","SLC11A1"
"760","SLC15A2"
"761","SLC25A37"
"762","SLC38A1"
"763","SLC8A3"
"764","SMIM14"
"765","SNCA"
"766","SOD2"
"767","SP140"
"768","SPI1"
"769","SPIB"
"770","SPOCK2"
"771","SPTB"
"772","SSBP2"
"773","ST13"
"774","ST3GAL6"
"775","ST6GAL1"
"776","STK10"
"777","STX7"
"778","TALDO1"
"779","TARBP1"
"780","TBC1D22A"
"781","TBX21"
"782","TET2"
"783","TFEC"
"784","TFPI"
"785","TLN2"
"786","TMEM14C"
"787","TMEM246"
"788","TNFRSF13B"
"789","TRAK1"
"790","TRPS1"
"791","UBE2E2"
"792","VAMP8"
"793","VCAN"
"794","VEGFA"
"795","WARS"
"796","ZBTB16"
"797","ZC3H12C"
"798","ZNF532"
"799","ZNF618"
"800","ZNF804A"
"801","ZNF831"
"802","A4GALT"
"803","ABCA1"
"804","ABCC3"
"805","ABHD5"
"806","ABI3BP"
"807","AC010745.2"
"808","ACHE"
"809","ADAM32"
"810","ADGRG5"
"811","AFF2"
"812","AGAP1"
"813","AGPAT2"
"814","AGTR1"
"815","AHI1"
"816","AKAP13"
"817","ALAS2"
"818","ALDH1A1"
"819","ALDH3B1"
"820","AMD1"
"821","ANKRD12"
"822","ANP32B"
"823","AP001042.1"
"824","APMAP"
"825","APPL1"
"826","AQP1"
"827","ARAP2"
"828","ARHGAP32"
"829","ARHGEF18"
"830","ARL6IP4"
"831","ARL9"
"832","ARPP21"
"833","ATP1B3"
"834","AUNIP"
"835","AZU1"
"836","B3GNT5"
"837","BACE2"
"838","BCAM"
"839","BCL7A"
"840","BEND7"
"841","BIRC3"
"842","BLVRB"
"843","BZW2"
"844","C12orf42"
"845","C1orf21"
"846","C21orf58"
"847","CA1"
"848","CA2"
"849","CA6"
"850","CA8"
"851","CACNB4"
"852","CADM1"
"853","CANX"
"854","CASC15"
"855","CCDC171"
"856","CCDC175"
"857","CCDC47"
"858","CCDC50"
"859","CCND2"
"860","CCR2"
"861","CCSER1"
"862","CD164"
"863","CD300A"
"864","CD300E"
"865","CD38"
"866","CD40"
"867","CD8A"
"868","CDH6"
"869","CDK6"
"870","CEBPE"
"871","CEP170"
"872","CEP70"
"873","CES3"
"874","CHD9"
"875","CHKA"
"876","CHPT1"
"877","CLDN10"
"878","CLEC17A"
"879","CLEC2D"
"880","CLEC4D"
"881","CLIC3"
"882","CLMN"
"883","CNOT6L"
"884","COL6A5"
"885","COMT"
"886","CPED1"
"887","CPT1A"
"888","CPXM1"
"889","CRB2"
"890","CREB5"
"891","CROCC"
"892","CSF1"
"893","CSF2RA"
"894","CTNNA1"
"895","CTNNAL1"
"896","CX3CR1"
"897","CXCL3"
"898","CYBB"
"899","DDAH1"
"900","DDX21"
"901","DHRS13"
"902","DNAJC18"
"903","DNM1L"
"904","DOCK10"
"905","DOCK7"
"906","DPP4"
"907","DSG2"
"908","DTHD1"
"909","EEF1B2"
"910","EID1"
"911","EIF2AK3"
"912","EIF3B"
"913","EIF4B"
"914","ELOVL7"
"915","EPB42"
"916","ERGIC1"
"917","ERMP1"
"918","EVA1B"
"919","F13A1"
"920","F3"
"921","FAM102B"
"922","FAM117A"
"923","FAM124B"
"924","FAM20A"
"925","FAM83A"
"926","FBN1"
"927","FCER1G"
"928","FCGR2A"
"929","FCMR"
"930","FCN1"
"931","FCRL2"
"932","FGFBP2"
"933","FHL1"
"934","FMNL2"
"935","FNBP1L"
"936","FOCAD"
"937","FOSL1"
"938","FXYD6"
"939","G0S2"
"940","GALNT7"
"941","GATA3"
"942","GINS2"
"943","GNAI1"
"944","GNAL"
"945","GNB4"
"946","GOLIM4"
"947","GPBAR1"
"948","GPRIN3"
"949","GREM2"
"950","GTDC1"
"951","GYPB"
"952","GZMH"
"953","H3F3B"
"954","HLA-DOB"
"955","HLA-DQB1"
"956","HLA-DQB2"
"957","HMGA1"
"958","HMGB1"
"959","HMGN1"
"960","HOXA5"
"961","HSD17B12"
"962","HSP90AB1"
"963","HSPB1"
"964","IFNGR2"
"965","IGF2BP2"
"966","IGFBP7"
"967","IL18RAP"
"968","IL32"
"969","IMPA2"
"970","IPCEF1"
"971","IRF2BP2"
"972","ITGA2B"
"973","ITGA6"
"974","ITGB3"
"975","JDP2"
"976","KCNG1"
"977","KCNJ6"
"978","KCNMA1"
"979","KIAA0355"
"980","KIAA1549"
"981","KIF23"
"982","KIR2DL4"
"983","KLF2"
"984","KLHL6"
"985","KREMEN1"
"986","LAPTM5"
"987","LCA5"
"988","LGALS12"
"989","LILRB2"
"990","LILRB4"
"991","LINC00173"
"992","LINC00923"
"993","LINC01273"
"994","LINC01572"
"995","LIPC"
"996","LONRF2"
"997","LPAR1"
"998","LRBA"
"999","LRIG1"
"1000","LRRC7"
"1001","LRRK1"
"1002","LRRN1"
"1003","MAL"
"1004","MAP4K5"
"1005","MAST4"
"1006","MAZ"
"1007","MBOAT1"
"1008","ME3"
"1009","MED13L"
"1010","MGAM"
"1011","MGAT3"
"1012","MGST2"
"1013","MIR155HG"
"1014","MIR3142HG"
"1015","MITF"
"1016","MLLT10"
"1017","MME"
"1018","MMP17"
"1019","MOB1B"
"1020","MRAS"
"1021","MS4A3"
"1022","MS4A4E"
"1023","MXI1"
"1024","MYB"
"1025","NCF2"
"1026","NCL"
"1027","NECTIN1"
"1028","NEDD4L"
"1029","NEDD9"
"1030","NEFH"
"1031","NEK2"
"1032","NENF"
"1033","NIPAL4"
"1034","NLRP3"
"1035","NMUR1"
"1036","NT5M"
"1037","OR2L2"
"1038","OSBPL9"
"1039","P2RX5"
"1040","PAQR9"
"1041","PARD3"
"1042","PARP14"
"1043","PBX1"
"1044","PCBD1"
"1045","PCED1B"
"1046","PDE4D"
"1047","PEAR1"
"1048","PHTF1"
"1049","PKP4"
"1050","PLEK"
"1051","PLSCR4"
"1052","PLXNC1"
"1053","POLA1"
"1054","POMGNT2"
"1055","PPME1"
"1056","PPP1CB"
"1057","PPP1R14B"
"1058","PRC1"
"1059","PRKD1"
"1060","PRKG1"
"1061","PRKG2"
"1062","PTPRC"
"1063","PXMP2"
"1064","RALBP1"
"1065","RANBP10"
"1066","RAP1GAP2"
"1067","RAPGEF5"
"1068","RASSF3"
"1069","RB1"
"1070","RBFOX2"
"1071","RGS7"
"1072","RNASE2"
"1073","RNF213"
"1074","RPL11"
"1075","RPL8"
"1076","RPS11"
"1077","RPS24"
"1078","RPS3"
"1079","RPS8"
"1080","RPS9"
"1081","RRBP1"
"1082","RTN4"
"1083","RUNX1"
"1084","RUNX1T1"
"1085","SAMD12"
"1086","SAT1"
"1087","SCCPDH"
"1088","SCML4"
"1089","SEMA4B"
"1090","SGIP1"
"1091","SGMS2"
"1092","SIL1"
"1093","SIRPA"
"1094","SIRPB1"
"1095","SKAP2"
"1096","SLC25A27"
"1097","SLC2A1"
"1098","SLC30A10"
"1099","SLC43A3"
"1100","SLC52A3"
"1101","SMC4"
"1102","SNHG6"
"1103","SNX22"
"1104","SNX8"
"1105","SORT1"
"1106","SOX5"
"1107","SPINK2"
"1108","SPPL2B"
"1109","SPRED1"
"1110","SPRY1"
"1111","SPTA1"
"1112","SPTBN1"
"1113","SPTLC3"
"1114","ST3GAL3"
"1115","ST6GAL2"
"1116","ST8SIA1"
"1117","STK39"
"1118","STOM"
"1119","STT3B"
"1120","SUCLG2"
"1121","SULF2"
"1122","SULT1C4"
"1123","SYNE1"
"1124","TAB2"
"1125","TEAD4"
"1126","TERT"
"1127","TFG"
"1128","TGFBRAP1"
"1129","TIMP2"
"1130","TLE1"
"1131","TLR10"
"1132","TLR7"
"1133","TMEM121"
"1134","TMEM144"
"1135","TMEM65"
"1136","TMOD1"
"1137","TNFAIP8"
"1138","TNFRSF13C"
"1139","TPI1"
"1140","TRIM10"
"1141","TRPC6"
"1142","TTC38"
"1143","TTC39C"
"1144","TTC8"
"1145","TYROBP"
"1146","U91324.1"
"1147","UNC5C"
"1148","UPF2"
"1149","USP14"
"1150","UST"
"1151","UTRN"
"1152","VDAC2"
"1153","XACT"
"1154","XIRP2"
"1155","YWHAQ"
"1156","ZMYND8"
"1157","ZNF10"
"1158","ZNF280D"
"1159","ZNF385D-AS2"
"1160","ZNF462"
"1161","ZNF496"
"1162","ZNF69"
"1163","ZNF695"
"1164","ZNF704"
"1165","ZNF804B"
"1166","AADAT"
"1167","ABCB4"
"1168","ABCD2"
"1169","ABHD17A"
"1170","ACKR2"
"1171","ACSL6"
"1172","ACTN1"
"1173","ACTN4"
"1174","ADAM22"
"1175","ADAM23"
"1176","ADAMTS17"
"1177","ADD2"
"1178","ADRA2A"
"1179","ADTRP"
"1180","AFAP1L1"
"1181","AIF1"
"1182","AK5"
"1183","AKNA"
"1184","AKT3"
"1185","ALCAM"
"1186","AMMECR1"
"1187","AMOTL1"
"1188","ANKRD13B"
"1189","ANKRD22"
"1190","ANKRD28"
"1191","AP2M1"
"1192","AP3M2"
"1193","APBB2"
"1194","APEX1"
"1195","APLP2"
"1196","APOBEC3G"
"1197","APP"
"1198","ARHGAP15"
"1199","ARHGAP42"
"1200","ARHGEF12"
"1201","ARHGEF17"
"1202","ARHGEF3"
"1203","ARID1B"
"1204","ARIH1"
"1205","ARL2"
"1206","ARRB1"
"1207","ARSD"
"1208","ART4"
"1209","ASPH"
"1210","ASRGL1"
"1211","ATF7IP"
"1212","ATP10A"
"1213","ATP2C1"
"1214","ATP7B"
"1215","AXIN1"
"1216","BEND4"
"1217","BIVM"
"1218","BNIP3L"
"1219","BOK"
"1220","BORCS5"
"1221","BRIP1"
"1222","BSG"
"1223","BSPRY"
"1224","BTC"
"1225","BUB1B"
"1226","C11orf80"
"1227","C12orf74"
"1228","C15orf39"
"1229","C16orf74"
"1230","C17orf97"
"1231","C1QA"
"1232","C22orf23"
"1233","C3orf80"
"1234","C5orf67"
"1235","C8orf31"
"1236","CACHD1"
"1237","CACNG3"
"1238","CALCRL"
"1239","CALM1"
"1240","CALR"
"1241","CAPN11"
"1242","CASP3"
"1243","CASP5"
"1244","CAST"
"1245","CCDC26"
"1246","CCDC6"
"1247","CCDC88A"
"1248","CCDC88C"
"1249","CCSER2"
"1250","CD101"
"1251","CD300LB"
"1252","CD48"
"1253","CD55"
"1254","CD68"
"1255","CD7"
"1256","CD84"
"1257","CDA"
"1258","CDH1"
"1259","CDH2"
"1260","CDH9"
"1261","CDK15"
"1262","CEACAM4"
"1263","CEBPB"
"1264","CEP78"
"1265","CEP85L"
"1266","CFAP52"
"1267","CFAP99"
"1268","CHRDL1"
"1269","CLCN4"
"1270","CLDN7"
"1271","CLEC12A"
"1272","CLIC2"
"1273","CLUL1"
"1274","CNST"
"1275","COBLL1"
"1276","COL26A1"
"1277","CORO2B"
"1278","COTL1"
"1279","COX5A"
"1280","COX6B1"
"1281","CPA6"
"1282","CPM"
"1283","CPNE8"
"1284","CPOX"
"1285","CPSF6"
"1286","CPXM2"
"1287","CR2"
"1288","CRISPLD2"
"1289","CRNDE"
"1290","CRTC3"
"1291","CSF1R"
"1292","CST7"
"1293","CTF1"
"1294","CTSC"
"1295","CTSS"
"1296","CXCL16"
"1297","CXCL2"
"1298","CXCR5"
"1299","CYBRD1"
"1300","DAB2IP"
"1301","DENND4A"
"1302","DHRS11"
"1303","DMTN"
"1304","DNAJC1"
"1305","DNM1"
"1306","DNMBP"
"1307","DNMT3B"
"1308","DNPH1"
"1309","DOCK4"
"1310","DOK3"
"1311","DRAM1"
"1312","DSC2"
"1313","DUSP1"
"1314","DUSP16"
"1315","DUSP6"
"1316","DYNC1I1"
"1317","DYRK3"
"1318","DYTN"
"1319","EDAR"
"1320","EEF2"
"1321","EEPD1"
"1322","EFCAB2"
"1323","EFHD2"
"1324","EIF3L"
"1325","ELANE"
"1326","ELL2"
"1327","EME1"
"1328","EMILIN1"
"1329","EMP1"
"1330","ENTHD1"
"1331","EOMES"
"1332","EPCAM"
"1333","EPDR1"
"1334","EPOR"
"1335","EPS8L1"
"1336","ESAM"
"1337","EVC"
"1338","EWSR1"
"1339","EXTL2"
"1340","EZH2"
"1341","F2RL3"
"1342","FA2H"
"1343","FABP5"
"1344","FAH"
"1345","FAM102A"
"1346","FAM160B1"
"1347","FAM171A1"
"1348","FAM3C"
"1349","FAM53B"
"1350","FAM83F"
"1351","FANCL"
"1352","FANK1"
"1353","FASTKD1"
"1354","FAXDC2"
"1355","FFAR2"
"1356","FGD2"
"1357","FGF11"
"1358","FHL2"
"1359","FKBP14"
"1360","FLI1"
"1361","FN3K"
"1362","FOXO3"
"1363","FRY"
"1364","FSCN1"
"1365","FSTL4"
"1366","FTCDNL1"
"1367","GALNTL6"
"1368","GAPT"
"1369","GAS2L3"
"1370","GAS5"
"1371","GATA1"
"1372","GDF15"
"1373","GFOD1"
"1374","GGT5"
"1375","GIMAP7"
"1376","GLYATL1"
"1377","GLYATL2"
"1378","GNAZ"
"1379","GPC1"
"1380","GPR15"
"1381","GSPT1"
"1382","GTF2F1"
"1383","GTF2I"
"1384","GULP1"
"1385","GXYLT2"
"1386","GZMK"
"1387","GZMM"
"1388","H1FX"
"1389","H3F3A"
"1390","HAVCR2"
"1391","HDGF"
"1392","HEBP1"
"1393","HECTD4"
"1394","HELB"
"1395","HHIP"
"1396","HIGD1C"
"1397","HIST1H1B"
"1398","HIVEP3"
"1399","HK2"
"1400","HLA-DPA1"
"1401","HLA-DPB1"
"1402","HLA-DRA"
"1403","HLTF"
"1404","HMBS"
"1405","HNRNPAB"
"1406","HOXA3"
"1407","HOXA9"
"1408","HRH4"
"1409","HSH2D"
"1410","HTRA3"
"1411","IFI6"
"1412","IGF1R"
"1413","IL21R"
"1414","INSR"
"1415","INTU"
"1416","IP6K2"
"1417","IQCE"
"1418","IQGAP3"
"1419","IQSEC3"
"1420","ITGA9"
"1421","ITGB2"
"1422","ITM2C"
"1423","ITPR2"
"1424","JADE3"
"1425","JAKMIP2"
"1426","JARID2"
"1427","JUP"
"1428","KANK2"
"1429","KBTBD12"
"1430","KCNJ9"
"1431","KCNK5"
"1432","KCNT2"
"1433","KCTD15"
"1434","KDM5B"
"1435","KIF15"
"1436","KIF26A"
"1437","KIF6"
"1438","KIF7"
"1439","KIFAP3"
"1440","KIR3DL1"
"1441","KLF6"
"1442","KLF7"
"1443","KLHDC9"
"1444","KLHL13"
"1445","KLRB1"
"1446","KLRC2"
"1447","KLRC4"
"1448","KLRG1"
"1449","KMO"
"1450","KRT8"
"1451","L3MBTL4"
"1452","LAIR2"
"1453","LAPTM4A"
"1454","LAT2"
"1455","LAYN"
"1456","LCLAT1"
"1457","LDLRAD4"
"1458","LGALS2"
"1459","LHX6"
"1460","LILRA1"
"1461","LILRA5"
"1462","LINC00114"
"1463","LINC00402"
"1464","LINC00963"
"1465","LINC01010"
"1466","LINC01117"
"1467","LINC01374"
"1468","LINC01515"
"1469","LINC01517"
"1470","LINC01586"
"1471","LMO4"
"1472","LRFN2"
"1473","LRP5"
"1474","LRP6"
"1475","LRRC17"
"1476","LST1"
"1477","LUZP1"
"1478","LY9"
"1479","MACROD2"
"1480","MAGI2"
"1481","MAN1A1"
"1482","MANBA"
"1483","MAP3K5"
"1484","MAP4K4"
"1485","MAPK10"
"1486","MARCH3"
"1487","MARCH8"
"1488","MARVELD3"
"1489","MBP"
"1490","MC1R"
"1491","MCOLN2"
"1492","MCUB"
"1493","MDFIC"
"1494","MDH1B"
"1495","MERTK"
"1496","MEST"
"1497","MEX3B"
"1498","MFSD2B"
"1499","MGLL"
"1500","MIPOL1"
"1501","MKRN3"
"1502","MMP15"
"1503","MMRN1"
"1504","MOB3B"
"1505","MOXD1"
"1506","MRC1"
"1507","MROH7"
"1508","MS4A2"
"1509","MTCL1"
"1510","MTHFD1L"
"1511","MTHFD2L"
"1512","MYBPC2"
"1513","MYCT1"
"1514","MYO10"
"1515","MYO15B"
"1516","MZB1"
"1517","N4BP2L2"
"1518","NAALADL2"
"1519","NAP1L1"
"1520","NBAS"
"1521","NCEH1"
"1522","NCOA1"
"1523","NCOA7"
"1524","NDUFA11"
"1525","NDUFAF6"
"1526","NEAT1"
"1527","NFATC2"
"1528","NFIB"
"1529","NFKBIA"
"1530","NIFK"
"1531","NOS1AP"
"1532","NOSIP"
"1533","NPW"
"1534","NR4A2"
"1535","NREP"
"1536","NSUN7"
"1537","NTNG1"
"1538","OLFM3"
"1539","OR2G6"
"1540","OSBPL5"
"1541","OSBPL6"
"1542","OSGIN1"
"1543","P2RY2"
"1544","P4HA2"
"1545","PABPC1"
"1546","PADI4"
"1547","PANK1"
"1548","PATJ"
"1549","PCED1B-AS1"
"1550","PCLO"
"1551","PCNX1"
"1552","PDE1C"
"1553","PEBP1"
"1554","PELI2"
"1555","PGD"
"1556","PGR"
"1557","PHACTR1"
"1558","PHLDB2"
"1559","PHOSPHO2"
"1560","PIK3AP1"
"1561","PIK3R5"
"1562","PKD1L1"
"1563","PKIA"
"1564","PLAA"
"1565","PLBD1"
"1566","PLEKHA5"
"1567","PLEKHG4B"
"1568","PLPPR3"
"1569","PNOC"
"1570","PNPLA1"
"1571","PODN"
"1572","PPM1F"
"1573","PPM1L"
"1574","PPP1R14A"
"1575","PPP1R16B"
"1576","PPP1R2"
"1577","PPP2R3A"
"1578","PPP3CC"
"1579","PPP3R1"
"1580","PRCD"
"1581","PRDM1"
"1582","PRTG"
"1583","PSCA"
"1584","PSD3"
"1585","PSMA6"
"1586","PSME4"
"1587","PTBP3"
"1588","PTGES3"
"1589","PTMA"
"1590","PTPN12"
"1591","PTPN13"
"1592","PTPN6"
"1593","PTPRD"
"1594","PTPRJ"
"1595","PTPRK"
"1596","PTX3"
"1597","PUM1"
"1598","QSER1"
"1599","RAB11FIP3"
"1600","RAB30"
"1601","RAB3D"
"1602","RAB40A"
"1603","RAB7A"
"1604","RAB7B"
"1605","RABGAP1"
"1606","RAN"
"1607","RANBP3L"
"1608","RASAL2"
"1609","RAVER2"
"1610","RBL2"
"1611","RBMS1"
"1612","RBMS2"
"1613","REL"
"1614","RETN"
"1615","RHBDF2"
"1616","RHCE"
"1617","RHOBTB3"
"1618","RIPK2"
"1619","RNF144B"
"1620","RNF150"
"1621","RNF165"
"1622","RNF217"
"1623","ROBO3"
"1624","ROR1"
"1625","RPL18"
"1626","RPL27A"
"1627","RPL28"
"1628","RPL35"
"1629","RPL5"
"1630","RPL6"
"1631","RPS6KC1"
"1632","RPSA"
"1633","RRM2"
"1634","RUFY1"
"1635","RXRA"
"1636","S1PR3"
"1637","SAG"
"1638","SCG3"
"1639","SCMH1"
"1640","SCX"
"1641","SDK1"
"1642","SELP"
"1643","SERPINA1"
"1644","SET"
"1645","SFRP5"
"1646","SGCD"
"1647","SH2D1B"
"1648","SH3BGRL2"
"1649","SH3GL3"
"1650","SIGLEC14"
"1651","SIRPD"
"1652","SLAMF7"
"1653","SLC15A4"
"1654","SLC16A2"
"1655","SLC1A6"
"1656","SLC25A29"
"1657","SLC28A3"
"1658","SLC2A14"
"1659","SLC37A1"
"1660","SLC39A3"
"1661","SLC43A2"
"1662","SLC6A9"
"1663","SLC7A7"
"1664","SLCO3A1"
"1665","SLFN11"
"1666","SLITRK5"
"1667","SMAD1"
"1668","SMG6"
"1669","SNED1"
"1670","SNHG16"
"1671","SNHG8"
"1672","SNRPE"
"1673","SNX18"
"1674","SNX5"
"1675","SOCS2-AS1"
"1676","SOCS6"
"1677","SORBS1"
"1678","SORD"
"1679","SOX12"
"1680","SOX6"
"1681","SPAG9"
"1682","SPATA12"
"1683","SPATA13"
"1684","SPATC1L"
"1685","SPIN1"
"1686","SPINT2"
"1687","SPIRE1"
"1688","SPTLC2"
"1689","SRC"
"1690","SRGN"
"1691","SSH2"
"1692","SSPN"
"1693","ST6GALNAC3"
"1694","ST6GALNAC5"
"1695","STAM"
"1696","STARD13-AS"
"1697","STAT5A"
"1698","STK17A"
"1699","STRIP2"
"1700","STX11"
"1701","SUSD4"
"1702","SYN3"
"1703","SYTL4"
"1704","TAGLN"
"1705","TANGO2"
"1706","TBC1D8"
"1707","TCL1B"
"1708","TCL6"
"1709","TENM4"
"1710","TEX2"
"1711","TEX41"
"1712","TFDP2"
"1713","TFR2"
"1714","TGFBR2"
"1715","TJP2"
"1716","TLR2"
"1717","TLR4"
"1718","TM7SF3"
"1719","TMEM131"
"1720","TMEM132C"
"1721","TMEM173"
"1722","TMEM233"
"1723","TMEM51"
"1724","TMIE"
"1725","TMSB4X"
"1726","TNFAIP2"
"1727","TNFRSF11A"
"1728","TNFRSF1A"
"1729","TNFRSF1B"
"1730","TNFSF8"
"1731","TNIK"
"1732","TOMM20"
"1733","TPRG1"
"1734","TPST2"
"1735","TPX2"
"1736","TRAT1"
"1737","TREM1"
"1738","TRHDE"
"1739","TTLL7"
"1740","TTN"
"1741","TUBAL3"
"1742","TULP2"
"1743","TVP23A"
"1744","TXK"
"1745","TXNL1"
"1746","TXNRD1"
"1747","TYMP"
"1748","TYMS"
"1749","UACA"
"1750","UBAC2"
"1751","UQCRH"
"1752","USP2"
"1753","USP22"
"1754","USP28"
"1755","VAMP5"
"1756","VMO1"
"1757","VPS37B"
"1758","VSIG1"
"1759","VWDE"
"1760","WDFY3"
"1761","WRN"
"1762","WRNIP1"
"1763","WSB1"
"1764","XCL1"
"1765","YBX3"
"1766","ZBTB10"
"1767","ZBTB7C"
"1768","ZC3H12D"
"1769","ZEB1"
"1770","ZFHX3"
"1771","ZMYND10"
"1772","ZNF22"
"1773","ZNF318"
"1774","ZNF331"
"1775","ZNF667-AS1"
"1776","ZNF774"
"1777","ZNF860"
"1778","ZNF878"
"1779","ZNRF3"
"1780","A2ML1"
"1781","AARD"
"1782","ABCA13"
"1783","ABCB10"
"1784","ABCB11"
"1785","ABCC11"
"1786","ABHD12B"
"1787","ABHD14B"
"1788","ABHD17C"
"1789","ABLIM1"
"1790","ABTB2"
"1791","AC007091.1"
"1792","AC007163.1"
"1793","AC007463.2"
"1794","AC009120.5"
"1795","AC012368.1"
"1796","AC016831.7"
"1797","AC017074.1"
"1798","AC017104.6"
"1799","AC074033.1"
"1800","AC092171.4"
"1801","AC092384.1"
"1802","AC093382.1"
"1803","AC097532.2"
"1804","AC099344.3"
"1805","AC110615.1"
"1806","AC133644.2"
"1807","ACBD7"
"1808","ACOX2"
"1809","ACSBG1"
"1810","ACSM6"
"1811","ACTL10"
"1812","ACTN2"
"1813","ACVR1B"
"1814","ACVR1C"
"1815","ADA"
"1816","ADAM12"
"1817","ADAM17"
"1818","ADAM9"
"1819","ADAMTS9"
"1820","ADAP2"
"1821","ADCY3"
"1822","ADCY4"
"1823","ADD3"
"1824","ADD3-AS1"
"1825","ADGB"
"1826","ADGRA2"
"1827","ADGRB1"
"1828","ADGRL4"
"1829","ADK"
"1830","AF131216.1"
"1831","AFDN"
"1832","AFG3L2"
"1833","AGBL2"
"1834","AGK"
"1835","AGPAT1"
"1836","AGTPBP1"
"1837","AHCTF1"
"1838","AHCYL1"
"1839","AHNAK2"
"1840","AIF1L"
"1841","AIFM3"
"1842","AIG1"
"1843","AIM2"
"1844","AJUBA"
"1845","AK2"
"1846","AKR1C1"
"1847","AKR1C3"
"1848","AKR1C4"
"1849","AKR1E2"
"1850","AL023806.1"
"1851","AL513412.1"
"1852","ALDH1B1"
"1853","ALDH2"
"1854","ALDH8A1"
"1855","ALG1L2"
"1856","ALPK2"
"1857","AMFR"
"1858","AMOTL2"
"1859","ANAPC5"
"1860","ANGPTL2"
"1861","ANGPTL6"
"1862","ANKRD27"
"1863","ANKRD33B"
"1864","ANKRD50"
"1865","ANKRD53"
"1866","ANKRD55"
"1867","ANKRD62P1-PARP4P3"
"1868","ANKRD9"
"1869","ANXA1"
"1870","ANXA5"
"1871","AP000640.2"
"1872","AP2A1"
"1873","APBA2"
"1874","APOBEC3B"
"1875","APOC1"
"1876","APOC2"
"1877","APOE"
"1878","APOL4"
"1879","AR"
"1880","ARHGAP20"
"1881","ARHGAP21"
"1882","ARHGAP23"
"1883","ARHGAP29"
"1884","ARHGAP45"
"1885","ARHGAP5"
"1886","ARHGDIB"
"1887","ARHGEF10L"
"1888","ARHGEF28"
"1889","ARHGEF33"
"1890","ARHGEF40"
"1891","ARL15"
"1892","ARMC8"
"1893","ARNTL2"
"1894","ARSG"
"1895","ARSK"
"1896","ARTN"
"1897","ASAP1"
"1898","ASB11"
"1899","ASB16"
"1900","ASB2"
"1901","ASIC2"
"1902","ASPM"
"1903","ASXL1"
"1904","ASXL3"
"1905","ATAD2"
"1906","ATAD3C"
"1907","ATF3"
"1908","ATF4"
"1909","ATG4C"
"1910","ATG7"
"1911","ATG9B"
"1912","ATL1"
"1913","ATP10D"
"1914","ATP1A3"
"1915","ATP2A2"
"1916","ATP2A3"
"1917","ATP2C2"
"1918","ATP6V1A"
"1919","ATP6V1B2"
"1920","ATP9B"
"1921","AURKA"
"1922","AVPR1B"
"1923","B3GAT1"
"1924","B3GNT4"
"1925","B3GNT8"
"1926","B3GNT9"
"1927","BACH1"
"1928","BAIAP2"
"1929","BAIAP2L2"
"1930","BAIAP3"
"1931","BAMBI"
"1932","BAZ2B"
"1933","BCAS1"
"1934","BCL2A1"
"1935","BCL2L11"
"1936","BEND6"
"1937","BEST1"
"1938","BEST3"
"1939","BEX1"
"1940","BEX3"
"1941","BHLHE40"
"1942","BICD1"
"1943","BIK"
"1944","BLMH"
"1945","BMP1"
"1946","BMP6"
"1947","BMX"
"1948","BNC2"
"1949","BRD3"
"1950","BRI3"
"1951","BRI3BP"
"1952","BRICD5"
"1953","BRK1"
"1954","BST2"
"1955","BTBD8"
"1956","BTNL2"
"1957","C11orf49"
"1958","C11orf96"
"1959","C16orf86"
"1960","C16orf96"
"1961","C19orf47"
"1962","C19orf48"
"1963","C19orf57"
"1964","C19orf71"
"1965","C1orf226"
"1966","C2"
"1967","C20orf194"
"1968","C20orf96"
"1969","C2CD2"
"1970","C2orf88"
"1971","C3"
"1972","C3AR1"
"1973","C5AR2"
"1974","C6orf52"
"1975","C9"
"1976","C9orf43"
"1977","CA14"
"1978","CACFD1"
"1979","CACNA1C"
"1980","CADPS2"
"1981","CALM2"
"1982","CAMKK2"
"1983","CAMKMT"
"1984","CAMLG"
"1985","CAPG"
"1986","CARD6"
"1987","CARD8"
"1988","CASC11"
"1989","CASK"
"1990","CASKIN1"
"1991","CASP2"
"1992","CASP8"
"1993","CASS4"
"1994","CAV1"
"1995","CBL"
"1996","CBX1"
"1997","CBX2"
"1998","CCDC113"
"1999","CCDC13"
"2000","CCDC136"
"2001","CCDC14"
"2002","CCDC149"
"2003","CCDC154"
"2004","CCDC158"
"2005","CCDC191"
"2006","CCDC36"
"2007","CCDC42"
"2008","CCDC80"
"2009","CCDC83"
"2010","CCER2"
"2011","CCL18"
"2012","CCL4L2"
"2013","CCNA2"
"2014","CCNB1IP1"
"2015","CCND1"
"2016","CCNI"
"2017","CCP110"
"2018","CCR10"
"2019","CCR5"
"2020","CCRL2"
"2021","CCT3"
"2022","CCT5"
"2023","CCT6A"
"2024","CD160"
"2025","CD1D"
"2026","CD27"
"2027","CD27-AS1"
"2028","CD300C"
"2029","CD33"
"2030","CD37"
"2031","CD3EAP"
"2032","CD5L"
"2033","CD80"
"2034","CD81"
"2035","CD8B"
"2036","CDADC1"
"2037","CDC20"
"2038","CDC25A"
"2039","CDC42EP4"
"2040","CDCA5"
"2041","CDCA7"
"2042","CDCA7L"
"2043","CDCA8"
"2044","CDH7"
"2045","CDR2"
"2046","CDR2L"
"2047","CDYL2"
"2048","CEACAM21"
"2049","CEL"
"2050","CELA2B"
"2051","CENPE"
"2052","CENPF"
"2053","CENPM"
"2054","CENPU"
"2055","CEP126"
"2056","CEP83"
"2057","CEP85"
"2058","CEPT1"
"2059","CETP"
"2060","CFAP43"
"2061","CFAP69"
"2062","CFLAR"
"2063","CGNL1"
"2064","CGREF1"
"2065","CHCHD2"
"2066","CHCHD4"
"2067","CHGB"
"2068","CHMP7"
"2069","CHN2"
"2070","CHST12"
"2071","CIT"
"2072","CIZ1"
"2073","CKAP2L"
"2074","CKMT2"
"2075","CKS2"
"2076","CLDN9"
"2077","CLDND2"
"2078","CLEC2B"
"2079","CLIC1"
"2080","CLNS1A"
"2081","CLTC"
"2082","CLUAP1"
"2083","CMKLR1"
"2084","CMTM2"
"2085","CNBD1"
"2086","CNBP"
"2087","CNFN"
"2088","CNNM1"
"2089","CNR1"
"2090","CNTN1"
"2091","CNTN4"
"2092","COL14A1"
"2093","COL18A1"
"2094","COL4A3"
"2095","COL5A1"
"2096","COLGALT1"
"2097","COLQ"
"2098","COPRS"
"2099","COQ4"
"2100","CORO1B"
"2101","CORO7"
"2102","CPE"
"2103","CPNE5"
"2104","CPNE7"
"2105","CR1"
"2106","CRAT"
"2107","CREB3L2"
"2108","CREBRF"
"2109","CREG1"
"2110","CRHR2"
"2111","CRIP3"
"2112","CRISPLD1"
"2113","CRY1"
"2114","CSAG1"
"2115","CSNK1A1"
"2116","CSNK2A1"
"2117","CSNK2A2"
"2118","CSNK2B"
"2119","CSRP1"
"2120","CTNND1"
"2121","CTSH"
"2122","CTSW"
"2123","CTXN1"
"2124","CUTA"
"2125","CXADR"
"2126","CXCR3"
"2127","CYFIP1"
"2128","CYLD"
"2129","CYP1B1"
"2130","CYP27A1"
"2131","CYP2E1"
"2132","CYP39A1"
"2133","CYP4A22-AS1"
"2134","CYP4F2"
"2135","CYP4F22"
"2136","CYP51A1"
"2137","DANT2"
"2138","DAP"
"2139","DAPK2"
"2140","DCAF12"
"2141","DCAF7"
"2142","DCTPP1"
"2143","DDX19B"
"2144","DDX6"
"2145","DEK"
"2146","DENR"
"2147","DGKG"
"2148","DGKH"
"2149","DHDH"
"2150","DHRS3"
"2151","DHRS9"
"2152","DHX15"
"2153","DIP2C"
"2154","DISC1FP1"
"2155","DLK1"
"2156","DLL1"
"2157","DLL3"
"2158","DMC1"
"2159","DMXL1"
"2160","DNAH10OS"
"2161","DNAH14"
"2162","DNAH2"
"2163","DNAJA4"
"2164","DNAJC25"
"2165","DNAJC4"
"2166","DNER"
"2167","DNMT3A"
"2168","DOCK3"
"2169","DOCK6"
"2170","DOK1"
"2171","DPF1"
"2172","DPF2"
"2173","DPF3"
"2174","DPPA4"
"2175","DPYSL2"
"2176","DSP"
"2177","DUBR"
"2178","DUSP10"
"2179","DUSP4"
"2180","DYNC1I2"
"2181","DZIP1"
"2182","E2F2"
"2183","E2F5"
"2184","EAF2"
"2185","EBPL"
"2186","ECD"
"2187","ECE1"
"2188","ECHDC3"
"2189","EDARADD"
"2190","EGF"
"2191","EGFL8"
"2192","EGLN3"
"2193","EGR3"
"2194","EIF1AX"
"2195","EIF2AK4"
"2196","EIF3A"
"2197","EIF3E"
"2198","EIF3F"
"2199","EIF3G"
"2200","EIF3J"
"2201","EIF3K"
"2202","EIF4E3"
"2203","EIF4G2"
"2204","ELF1"
"2205","ELF2"
"2206","ELN"
"2207","ELOVL4"
"2208","EMP2"
"2209","ENOX1"
"2210","EPHA4"
"2211","EPHX2"
"2212","EPHX4"
"2213","EPN2"
"2214","EPX"
"2215","ERI2"
"2216","ERMAP"
"2217","ESR1"
"2218","ESYT3"
"2219","ETV5"
"2220","EVC2"
"2221","EVI5"
"2222","EVL"
"2223","EXOC3L2"
"2224","EXOC3L4"
"2225","F2"
"2226","F2R"
"2227","FAAH2"
"2228","FABP3"
"2229","FAM114A1"
"2230","FAM124A"
"2231","FAM131A"
"2232","FAM151A"
"2233","FAM153A"
"2234","FAM177B"
"2235","FAM178B"
"2236","FAM214A"
"2237","FAM228B"
"2238","FAM81A"
"2239","FAM83B"
"2240","FAM83E"
"2241","FAM83G"
"2242","FASN"
"2243","FAT3"
"2244","FAT4"
"2245","FAU"
"2246","FBLIM1"
"2247","FBLN2"
"2248","FBXO17"
"2249","FCGR1B"
"2250","FCGRT"
"2251","FCHO2"
"2252","FCRLA"
"2253","FDFT1"
"2254","FER"
"2255","FER1L6"
"2256","FERMT1"
"2257","FERMT2"
"2258","FERMT3"
"2259","FES"
"2260","FGD6"
"2261","FGF20"
"2262","FHIT"
"2263","FIGN"
"2264","FILIP1"
"2265","FIRRE"
"2266","FKBP9"
"2267","FLNA"
"2268","FLRT1"
"2269","FLT3LG"
"2270","FNDC10"
"2271","FNDC3A"
"2272","FNDC7"
"2273","FOSL2"
"2274","FRAS1"
"2275","FSCN3"
"2276","FSD1"
"2277","FTL"
"2278","FTSJ3"
"2279","FUT4"
"2280","FUT7"
"2281","FUT8"
"2282","FXN"
"2283","FXYD3"
"2284","FXYD5"
"2285","FZD1"
"2286","FZD2"
"2287","FZD6"
"2288","GAA"
"2289","GABPB1"
"2290","GABRR1"
"2291","GADD45A"
"2292","GADD45G"
"2293","GADD45GIP1"
"2294","GALE"
"2295","GALNS"
"2296","GALNT13"
"2297","GALNT18"
"2298","GALNT2"
"2299","GAR1"
"2300","GATAD1"
"2301","GBGT1"
"2302","GBP5"
"2303","GCAT"
"2304","GCH1"
"2305","GCLC"
"2306","GCLM"
"2307","GCNT1"
"2308","GCNT2"
"2309","GCNT4"
"2310","GDF10"
"2311","GDF11"
"2312","GDPD1"
"2313","GDPD4"
"2314","GFPT2"
"2315","GGA2"
"2316","GJA4"
"2317","GK5"
"2318","GLCCI1"
"2319","GLG1"
"2320","GLMP"
"2321","GLRA2"
"2322","GLRB"
"2323","GLRX5"
"2324","GLS"
"2325","GMFG"
"2326","GMPPB"
"2327","GNS"
"2328","GOLGA2"
"2329","GOLPH3"
"2330","GORASP1"
"2331","GPATCH4"
"2332","GPER1"
"2333","GPHN"
"2334","GPR141"
"2335","GPR153"
"2336","GPR161"
"2337","GPR174"
"2338","GPR3"
"2339","GPR65"
"2340","GPT2"
"2341","GRAMD4"
"2342","GRAPL"
"2343","GRIK4"
"2344","GRIK5"
"2345","GRIN2A"
"2346","GRIN2C"
"2347","GRIN2D"
"2348","GRIN3A"
"2349","GRK4"
"2350","GRK5"
"2351","GRM1"
"2352","GSAP"
"2353","GSK3B"
"2354","GSTO2"
"2355","GTSE1"
"2356","GUSB"
"2357","GYPA"
"2358","GYPE"
"2359","H2AFV"
"2360","H2AFY2"
"2361","HAAO"
"2362","HABP4"
"2363","HADHA"
"2364","HAS3"
"2365","HBA2"
"2366","HBEGF"
"2367","HBQ1"
"2368","HCG17"
"2369","HCG20"
"2370","HCN2"
"2371","HEBP2"
"2372","HECA"
"2373","HEG1"
"2374","HERC2"
"2375","HFM1"
"2376","HGH1"
"2377","HHEX"
"2378","HIC1"
"2379","HIF1A"
"2380","HIP1"
"2381","HIPK3"
"2382","HIST1H1D"
"2383","HIST1H1E"
"2384","HIST1H2AE"
"2385","HIST1H2AM"
"2386","HIST1H2BC"
"2387","HIST1H2BJ"
"2388","HIST1H2BO"
"2389","HIST1H3C"
"2390","HJURP"
"2391","HK3"
"2392","HLA-DMB"
"2393","HLA-DOA"
"2394","HLX"
"2395","HMCN1"
"2396","HMG20B"
"2397","HMGN3"
"2398","HNRNPA2B1"
"2399","HNRNPD"
"2400","HNRNPF"
"2401","HNRNPM"
"2402","HOMER2"
"2403","HOMER3"
"2404","HOOK1"
"2405","HOXA4"
"2406","HOXB4"
"2407","HPCAL4"
"2408","HPD"
"2409","HPGD"
"2410","HPGDS"
"2411","HPS4"
"2412","HRH1"
"2413","HRK"
"2414","HRNR"
"2415","HS3ST1"
"2416","HSD17B6"
"2417","HSPA12A"
"2418","HSPA1A"
"2419","HSPA4"
"2420","HSPA4L"
"2421","HSPA6"
"2422","HTR2B"
"2423","HTRA4"
"2424","HYI"
"2425","ICA1"
"2426","ICAM1"
"2427","ICAM4"
"2428","ICAM5"
"2429","ICMT"
"2430","IDH2"
"2431","IER5L"
"2432","IFI27"
"2433","IFIT1"
"2434","IFRD1"
"2435","IFT172"
"2436","IFT27"
"2437","IFT57"
"2438","IFT74"
"2439","IFT88"
"2440","IGF2BP1"
"2441","IGF2R"
"2442","IGFBP2"
"2443","IGSF10"
"2444","IGSF3"
"2445","IL10RA"
"2446","IL15"
"2447","IL17RB"
"2448","IL18"
"2449","IL1R1"
"2450","IL1RAP"
"2451","IL1RAPL2"
"2452","IL1RL1"
"2453","IL24"
"2454","IL2RA"
"2455","IL2RG"
"2456","IL31RA"
"2457","IL6R"
"2458","IL7"
"2459","ILF2"
"2460","IMMP2L"
"2461","IMPDH2"
"2462","INHBA"
"2463","INHBC"
"2464","IPO7"
"2465","IRF1"
"2466","IRS2"
"2467","ISOC2"
"2468","ITGAD"
"2469","ITGAV"
"2470","ITGBL1"
"2471","ITSN1"
"2472","JAK1"
"2473","JAKMIP1"
"2474","JAM2"
"2475","JUN"
"2476","KANK1"
"2477","KANSL1L"
"2478","KBTBD11"
"2479","KBTBD6"
"2480","KCNA7"
"2481","KCNB1"
"2482","KCNC3"
"2483","KCND2"
"2484","KCNE1"
"2485","KCNE3"
"2486","KCNIP1"
"2487","KCNIP2"
"2488","KCNIP4"
"2489","KCNJ10"
"2490","KCNJ12"
"2491","KCNJ8"
"2492","KCNK12"
"2493","KCNK7"
"2494","KCNQ1"
"2495","KCNQ4"
"2496","KCTD12"
"2497","KDELR3"
"2498","KDM1A"
"2499","KDM6A"
"2500","KDM7A"
"2501","KIAA0040"
"2502","KIAA0513"
"2503","KIAA1257"
"2504","KIF18B"
"2505","KIF26B"
"2506","KIF2A"
"2507","KIF5A"
"2508","KIR2DL1"
"2509","KIR2DL3"
"2510","KL"
"2511","KLF10"
"2512","KLHDC8B"
"2513","KLHL18"
"2514","KLHL23"
"2515","KLHL3"
"2516","KLLN"
"2517","KMT2E"
"2518","KNL1"
"2519","KPNB1"
"2520","KRT18"
"2521","LACTB"
"2522","LAMA2"
"2523","LAMC1"
"2524","LAMC3"
"2525","LAMP2"
"2526","LARGE2"
"2527","LARP1"
"2528","LARP1B"
"2529","LAX1"
"2530","LBH"
"2531","LCK"
"2532","LCOR"
"2533","LCP1"
"2534","LDB2"
"2535","LDLRAP1"
"2536","LEPROT"
"2537","LGALS1"
"2538","LGALS9"
"2539","LGALS9B"
"2540","LGALSL"
"2541","LGR6"
"2542","LILRA2"
"2543","LILRA6"
"2544","LIMA1"
"2545","LIN28B-AS1"
"2546","LINC00092"
"2547","LINC00102"
"2548","LINC00200"
"2549","LINC00239"
"2550","LINC00271"
"2551","LINC00276"
"2552","LINC00309"
"2553","LINC00342"
"2554","LINC00407"
"2555","LINC00469"
"2556","LINC00471"
"2557","LINC00472"
"2558","LINC00494"
"2559","LINC00562"
"2560","LINC00565"
"2561","LINC00607"
"2562","LINC00664"
"2563","LINC00862"
"2564","LINC00937"
"2565","LINC00939"
"2566","LINC00944"
"2567","LINC00996"
"2568","LINC01033"
"2569","LINC01091"
"2570","LINC01119"
"2571","LINC01126"
"2572","LINC01140"
"2573","LINC01144"
"2574","LINC01151"
"2575","LINC01170"
"2576","LINC01215"
"2577","LINC01222"
"2578","LINC01250"
"2579","LINC01337"
"2580","LINC01344"
"2581","LINC01362"
"2582","LINC01395"
"2583","LINC01402"
"2584","LINC01427"
"2585","LINC01431"
"2586","LINC01475"
"2587","LINC01476"
"2588","LINC01578"
"2589","LINC01600"
"2590","LINC01625"
"2591","LINC01630"
"2592","LINGO2"
"2593","LINS1"
"2594","LIX1"
"2595","LMNTD2"
"2596","LNP1"
"2597","LONRF1"
"2598","LOX"
"2599","LPCAT1"
"2600","LPCAT3"
"2601","LPO"
"2602","LPP"
"2603","LRMP"
"2604","LRP1"
"2605","LRP11"
"2606","LRP2"
"2607","LRRC56"
"2608","LRRC75A"
"2609","LRRC75B"
"2610","LRRFIP1"
"2611","LRRTM3"
"2612","LSM2"
"2613","LUC7L3"
"2614","LXN"
"2615","LY6G6D"
"2616","LYSMD4"
"2617","LYZ"
"2618","M1AP"
"2619","MAFF"
"2620","MAGI1"
"2621","MAGI2-AS3"
"2622","MAMSTR"
"2623","MAN2A1"
"2624","MAP1A"
"2625","MAP1LC3A"
"2626","MAP4K3"
"2627","MAPK12"
"2628","MAPK14"
"2629","MARC1"
"2630","MARCH1"
"2631","MARCH4"
"2632","MARVELD1"
"2633","MB21D2"
"2634","MBNL1"
"2635","MCF2L2"
"2636","MCM4"
"2637","MCM5"
"2638","MCUR1"
"2639","ME1"
"2640","MEF2A"
"2641","MEGF10"
"2642","MELTF"
"2643","MEP1A"
"2644","MET"
"2645","METAP2"
"2646","METRNL"
"2647","METTL7A"
"2648","MFAP4"
"2649","MFF"
"2650","MFHAS1"
"2651","MFSD11"
"2652","MGAT4B"
"2653","MICU3"
"2654","MIF"
"2655","MILR1"
"2656","MIR3681HG"
"2657","MIR3945HG"
"2658","MIR4500HG"
"2659","MIR503HG"
"2660","MIR646HG"
"2661","MIS18BP1"
"2662","MIXL1"
"2663","MLC1"
"2664","MLEC"
"2665","MLH3"
"2666","MLLT6"
"2667","MLST8"
"2668","MLXIP"
"2669","MMP14"
"2670","MMP16"
"2671","MMP2"
"2672","MMP26"
"2673","MMP7"
"2674","MNDA"
"2675","MORN4"
"2676","MPDZ"
"2677","MPL"
"2678","MPP2"
"2679","MPP3"
"2680","MPP4"
"2681","MPP5"
"2682","MPP6"
"2683","MPP7"
"2684","MRC2"
"2685","MROH6"
"2686","MRPL51"
"2687","MRPL57"
"2688","MRPS15"
"2689","MRPS24"
"2690","MS4A4A"
"2691","MS4A7"
"2692","MSR1"
"2693","MT1E"
"2694","MTCH2"
"2695","MTMR3"
"2696","MTRNR2L3"
"2697","MXD1"
"2698","MYBPC3"
"2699","MYEF2"
"2700","MYEOV"
"2701","MYH14"
"2702","MYL3"
"2703","MYL6B"
"2704","MYLIP"
"2705","MYLK"
"2706","MYO18A"
"2707","MYO3B"
"2708","MYO7B"
"2709","MYO9B"
"2710","MYT1"
"2711","MZT2A"
"2712","N4BP2"
"2713","NAB1"
"2714","NACA"
"2715","NACC2"
"2716","NADK"
"2717","NANS"
"2718","NARF"
"2719","NAV1"
"2720","NAV2"
"2721","NBAT1"
"2722","NBEA"
"2723","NBN"
"2724","NCAPD2"
"2725","NCAPH"
"2726","NCF4"
"2727","NCK2"
"2728","NCKAP5"
"2729","NCOA4"
"2730","NCR1"
"2731","NDC80"
"2732","NDRG1"
"2733","NDST1"
"2734","NDST3"
"2735","NDUFB4"
"2736","NDUFS5"
"2737","NEBL"
"2738","NEFL"
"2739","NEK3"
"2740","NEK6"
"2741","NEUROD1"
"2742","NF1"
"2743","NFAM1"
"2744","NFAT5"
"2745","NFIC"
"2746","NFIL3"
"2747","NHLRC4"
"2748","NHP2"
"2749","NID1"
"2750","NIPAL3"
"2751","NKAIN1"
"2752","NKIRAS2"
"2753","NLRP12"
"2754","NLRP14"
"2755","NME2"
"2756","NME4"
"2757","NME5"
"2758","NME7"
"2759","NMNAT1"
"2760","NOL3"
"2761","NOTCH1"
"2762","NOVA1"
"2763","NOX1"
"2764","NPR2"
"2765","NR1H3"
"2766","NR4A1"
"2767","NRCAM"
"2768","NRP1"
"2769","NRTN"
"2770","NSA2"
"2771","NSMCE2"
"2772","NT5C"
"2773","NT5C3A"
"2774","NT5DC3"
"2775","NT5E"
"2776","NUCB1"
"2777","NUCB2"
"2778","NUDT2"
"2779","NUDT3"
"2780","NUMB"
"2781","NUP88"
"2782","NUP98"
"2783","NXNL2"
"2784","OAF"
"2785","OAZ1"
"2786","OGN"
"2787","OIP5-AS1"
"2788","OLA1"
"2789","OR13G1"
"2790","OR1C1"
"2791","OR2AJ1"
"2792","OR2M2"
"2793","OR7A17"
"2794","OR7C1"
"2795","ORC1"
"2796","OVGP1"
"2797","OXT"
"2798","OXTR"
"2799","P2RY1"
"2800","P2RY13"
"2801","P4HB"
"2802","PA2G4"
"2803","PABPC4"
"2804","PACSIN3"
"2805","PAK1"
"2806","PANX2"
"2807","PAPSS2"
"2808","PAQR3"
"2809","PARP1"
"2810","PARP4"
"2811","PARP8"
"2812","PAWR"
"2813","PBX3"
"2814","PBX4"
"2815","PCDHGA1"
"2816","PCDHGA12"
"2817","PCGF5"
"2818","PCOLCE2"
"2819","PCSK4"
"2820","PDCD10"
"2821","PDCD4"
"2822","PDE11A"
"2823","PDE2A"
"2824","PDE7A"
"2825","PDE8B"
"2826","PDE9A"
"2827","PDGFD"
"2828","PDIA3"
"2829","PDIA5"
"2830","PDK1"
"2831","PDLIM4"
"2832","PDXK"
"2833","PDZD9"
"2834","PDZK1IP1"
"2835","PDZRN4"
"2836","PEX10"
"2837","PFKFB4"
"2838","PGBD2"
"2839","PGM2L1"
"2840","PHACTR4"
"2841","PHF14"
"2842","PHF3"
"2843","PHIP"
"2844","PHPT1"
"2845","PIEZO1"
"2846","PIGQ"
"2847","PIH1D1"
"2848","PILRA"
"2849","PIRT"
"2850","PITPNM3"
"2851","PIWIL3"
"2852","PKHD1"
"2853","PKHD1L1"
"2854","PKP2"
"2855","PLA2R1"
"2856","PLAGL1"
"2857","PLAT"
"2858","PLCD3"
"2859","PLCXD1"
"2860","PLCXD2"
"2861","PLD5"
"2862","PLD6"
"2863","PLEKHB1"
"2864","PLEKHF2"
"2865","PLEKHH1"
"2866","PLEKHO1"
"2867","PLK1"
"2868","PLPP1"
"2869","PLPP3"
"2870","PLSCR1"
"2871","PLXNB2"
"2872","PM20D2"
"2873","PMAIP1"
"2874","PMF1"
"2875","PML"
"2876","POLDIP2"
"2877","POLE2"
"2878","POLR2G"
"2879","POLR3G"
"2880","PPA1"
"2881","PPFIBP1"
"2882","PPIF"
"2883","PPM1E"
"2884","PPM1N"
"2885","PPP1CC"
"2886","PPP1R37"
"2887","PPP2CA"
"2888","PPT1"
"2889","PRDM11"
"2890","PRDX1"
"2891","PRDX2"
"2892","PREX1"
"2893","PRH2"
"2894","PRICKLE3"
"2895","PRKAA2"
"2896","PRKAB2"
"2897","PRKACB"
"2898","PRKCD"
"2899","PRKCQ"
"2900","PROS1"
"2901","PRPF19"
"2902","PRPH2"
"2903","PRR34"
"2904","PRRG4"
"2905","PRRT3"
"2906","PRSS12"
"2907","PRSS2"
"2908","PRSS21"
"2909","PRSS23"
"2910","PRTN3"
"2911","PSIP1"
"2912","PSMA1"
"2913","PSMD1"
"2914","PSMD12"
"2915","PSMG1"
"2916","PTCH1"
"2917","PTEN"
"2918","PTGDR"
"2919","PTK2"
"2920","PTK2B"
"2921","PTPN1"
"2922","PTPN22"
"2923","PTPRA"
"2924","PTPRCAP"
"2925","PTPRG"
"2926","PTPRS"
"2927","PXK"
"2928","PYCARD"
"2929","PYGL"
"2930","RAB11FIP1"
"2931","RAB11FIP5"
"2932","RAB13"
"2933","RAB33A"
"2934","RAB34"
"2935","RAB3GAP1"
"2936","RAB44"
"2937","RABEP2"
"2938","RACK1"
"2939","RAG2"
"2940","RANBP2"
"2941","RAP1GAP"
"2942","RASA2"
"2943","RASEF"
"2944","RASGRP4"
"2945","RASSF5"
"2946","RASSF6"
"2947","RBBP8"
"2948","RBL1"
"2949","RBM22"
"2950","RBPJ"
"2951","RBPMS2"
"2952","RCC1"
"2953","RCL1"
"2954","RCN1"
"2955","RCOR1"
"2956","RCSD1"
"2957","RDM1"
"2958","REC8"
"2959","RELL1"
"2960","RELN"
"2961","REN"
"2962","RERE"
"2963","RFESD"
"2964","RFPL2"
"2965","RGCC"
"2966","RGS1"
"2967","RGS12"
"2968","RGS16"
"2969","RGS2"
"2970","RHD"
"2971","RHEB"
"2972","RHOA"
"2973","RHOD"
"2974","RHPN1"
"2975","RIC3"
"2976","RILPL2"
"2977","RIMKLB"
"2978","RLBP1"
"2979","RNF10"
"2980","RNF144A"
"2981","RNF152"
"2982","RNF168"
"2983","RNF17"
"2984","RNF180"
"2985","RNF19A"
"2986","RNF207"
"2987","RNF38"
"2988","ROPN1B"
"2989","RPARP-AS1"
"2990","RPH3AL"
"2991","RPL10A"
"2992","RPL13A"
"2993","RPL15"
"2994","RPL23"
"2995","RPL24"
"2996","RPL29"
"2997","RPL3"
"2998","RPL36A"
"2999","RPL37A"
"3000","RPL4"
"3001","RPS10"
"3002","RPS14"
"3003","RPS15"
"3004","RPS17"
"3005","RPS18"
"3006","RPS2"
"3007","RPS20"
"3008","RPS27"
"3009","RPS4X"
"3010","RPS6KA6"
"3011","RRAGD"
"3012","RRAS2"
"3013","RRS1-AS1"
"3014","RSL1D1"
"3015","RSPH10B"
"3016","RSPH9"
"3017","RTN1"
"3018","RTN4RL1"
"3019","RUSC2"
"3020","S100A16"
"3021","SALL4"
"3022","SAMD13"
"3023","SAMD4A"
"3024","SAMSN1"
"3025","SARS2"
"3026","SATB1-AS1"
"3027","SCAI"
"3028","SCAMP3"
"3029","SCAMP4"
"3030","SCD"
"3031","SCHIP1"
"3032","SCIMP"
"3033","SCLT1"
"3034","SCN2A"
"3035","SCN7A"
"3036","SCN9A"
"3037","SCRG1"
"3038","SCRN1"
"3039","SDCCAG8"
"3040","SEC62"
"3041","SECTM1"
"3042","SELENBP1"
"3043","SEMA4D"
"3044","SEMA6D"
"3045","SENP7"
"3046","SERHL2"
"3047","SERINC3"
"3048","SERPINF2"
"3049","SERPINI2"
"3050","SESTD1"
"3051","SF1"
"3052","SF3A3"
"3053","SFXN4"
"3054","SGMS1"
"3055","SGO1"
"3056","SGPP2"
"3057","SGTB"
"3058","SH2B2"
"3059","SH2D4B"
"3060","SH3BP4"
"3061","SH3PXD2B"
"3062","SH3TC1"
"3063","SH3TC2"
"3064","SHANK1"
"3065","SHANK3"
"3066","SHC2"
"3067","SHCBP1"
"3068","SHKBP1"
"3069","SHOC2"
"3070","SIGLEC15"
"3071","SIGLEC9"
"3072","SIRPG"
"3073","SIX5"
"3074","SKP1"
"3075","SKP2"
"3076","SLA2"
"3077","SLAMF6"
"3078","SLC10A4"
"3079","SLC10A5"
"3080","SLC10A6"
"3081","SLC11A2"
"3082","SLC12A5"
"3083","SLC12A6"
"3084","SLC16A10"
"3085","SLC16A5"
"3086","SLC16A8"
"3087","SLC16A9"
"3088","SLC18A2"
"3089","SLC1A3"
"3090","SLC1A5"
"3091","SLC22A10"
"3092","SLC22A13"
"3093","SLC22A14"
"3094","SLC22A4"
"3095","SLC24A5"
"3096","SLC25A21"
"3097","SLC25A3"
"3098","SLC25A30-AS1"
"3099","SLC26A1"
"3100","SLC27A2"
"3101","SLC28A2"
"3102","SLC29A4"
"3103","SLC2A1-AS1"
"3104","SLC2A12"
"3105","SLC2A5"
"3106","SLC2A6"
"3107","SLC31A2"
"3108","SLC35F2"
"3109","SLC35F3"
"3110","SLC35G2"
"3111","SLC38A2"
"3112","SLC39A6"
"3113","SLC39A8"
"3114","SLC43A1"
"3115","SLC44A1"
"3116","SLC44A2"
"3117","SLC45A1"
"3118","SLC45A3"
"3119","SLC4A10"
"3120","SLC4A4"
"3121","SLC5A9"
"3122","SLC6A11"
"3123","SLC6A2"
"3124","SLC6A20"
"3125","SLC7A11"
"3126","SLC7A2"
"3127","SLC7A5"
"3128","SLC7A6"
"3129","SLC9A7"
"3130","SLC9C1"
"3131","SLCO5A1"
"3132","SLFN13"
"3133","SLK"
"3134","SMAD6"
"3135","SMAD7"
"3136","SMARCA1"
"3137","SMARCC1"
"3138","SMG7"
"3139","SMIM17"
"3140","SMIM6"
"3141","SMO"
"3142","SMPDL3A"
"3143","SNAI1"
"3144","SNAPIN"
"3145","SNHG11"
"3146","SNHG4"
"3147","SNRPD1"
"3148","SNX2"
"3149","SOCS3"
"3150","SOGA1"
"3151","SOHLH2"
"3152","SORCS3"
"3153","SORL1"
"3154","SOS1"
"3155","SOWAHD"
"3156","SOX10"
"3157","SP100"
"3158","SP140L"
"3159","SPACA9"
"3160","SPARCL1"
"3161","SPATA7"
"3162","SPC25"
"3163","SPECC1"
"3164","SPEG"
"3165","SPHK1"
"3166","SPINK4"
"3167","SPNS3"
"3168","SPOCK1"
"3169","SPOCK3"
"3170","SPSB2"
"3171","SPTBN2"
"3172","SPTSSB"
"3173","SRD5A1"
"3174","SRP72"
"3175","SRP9"
"3176","SRRM2"
"3177","SRSF3"
"3178","SRSF6"
"3179","ST14"
"3180","ST3GAL4"
"3181","ST8SIA6"
"3182","STAP2"
"3183","STARD3NL"
"3184","STARD9"
"3185","STBD1"
"3186","STEAP1"
"3187","STEAP2"
"3188","STEAP2-AS1"
"3189","STIM2"
"3190","STK3"
"3191","STRC"
"3192","STYK1"
"3193","STYXL1"
"3194","SUCLG2-AS1"
"3195","SUCNR1"
"3196","SUMO3"
"3197","SUN2"
"3198","SUPT20H"
"3199","SVIL"
"3200","SYCE3"
"3201","SYN1"
"3202","SYN2"
"3203","SYNGR1"
"3204","SYNPO"
"3205","SYPL1"
"3206","SYT17"
"3207","SYT5"
"3208","SYTL2"
"3209","TACC1"
"3210","TACC3"
"3211","TACR2"
"3212","TAF4B"
"3213","TAOK3"
"3214","TAPT1"
"3215","TARS"
"3216","TAS2R13"
"3217","TBC1D16"
"3218","TBC1D22B"
"3219","TBC1D30"
"3220","TBC1D5"
"3221","TBCC"
"3222","TCEA2"
"3223","TCF12"
"3224","TCTEX1D1"
"3225","TDRD6"
"3226","TDRP"
"3227","TESK2"
"3228","TESMIN"
"3229","TESPA1"
"3230","TEX14"
"3231","TFAP2E"
"3232","TFB1M"
"3233","TGFBI"
"3234","TGM2"
"3235","THRB-AS1"
"3236","THUMPD2"
"3237","TIAM1"
"3238","TICAM2"
"3239","TIE1"
"3240","TIGIT"
"3241","TIMM13"
"3242","TK2"
"3243","TLE4"
"3244","TLL2"
"3245","TLR1"
"3246","TLR5"
"3247","TM4SF19"
"3248","TMBIM1"
"3249","TMC4"
"3250","TMC5"
"3251","TMED2"
"3252","TMED8"
"3253","TMEFF1"
"3254","TMEM107"
"3255","TMEM120A"
"3256","TMEM147"
"3257","TMEM150C"
"3258","TMEM154"
"3259","TMEM156"
"3260","TMEM159"
"3261","TMEM178A"
"3262","TMEM19"
"3263","TMEM196"
"3264","TMEM205"
"3265","TMEM219"
"3266","TMEM241"
"3267","TMEM243"
"3268","TMEM244"
"3269","TMEM255A"
"3270","TMEM38A"
"3271","TMEM45A"
"3272","TMEM71"
"3273","TMEM72"
"3274","TMEM88"
"3275","TMEM9B"
"3276","TMPRSS11A"
"3277","TNC"
"3278","TNFRSF12A"
"3279","TNFRSF18"
"3280","TNFRSF25"
"3281","TNFRSF8"
"3282","TNFSF13B"
"3283","TNIP3"
"3284","TNNC2"
"3285","TNNT1"
"3286","TNRC6A"
"3287","TNRC6B"
"3288","TNS2"
"3289","TOM1L1"
"3290","TOMM6"
"3291","TONSL"
"3292","TOP1"
"3293","TOP2A"
"3294","TOP3A"
"3295","TOPORS"
"3296","TOR2A"
"3297","TP53BP1"
"3298","TP53TG5"
"3299","TPM1"
"3300","TPM3"
"3301","TPM4"
"3302","TPPP"
"3303","TPTE2"
"3304","TRAK2"
"3305","TREML1"
"3306","TREML4"
"3307","TRERF1"
"3308","TRIB2"
"3309","TRIM25"
"3310","TRIM28"
"3311","TRIM36"
"3312","TRIM54"
"3313","TRIM61"
"3314","TRIP6"
"3315","TRIQK"
"3316","TSLP"
"3317","TSPAN18"
"3318","TSPAN2"
"3319","TSPEAR"
"3320","TSPO"
"3321","TSPYL5"
"3322","TST"
"3323","TTC21B-AS1"
"3324","TTC28"
"3325","TTC9"
"3326","TTLL12"
"3327","TTLL5"
"3328","TTLL9"
"3329","TTYH3"
"3330","TUBA1A"
"3331","TUBA1B"
"3332","TUBA1C"
"3333","TUBB"
"3334","TUBB1"
"3335","TXN"
"3336","TXN2"
"3337","TXNIP"
"3338","UBASH3B"
"3339","UBB"
"3340","UBE2G1"
"3341","UBE2J1"
"3342","UBE2Q2"
"3343","UBXN6"
"3344","UBXN7"
"3345","UGGT2"
"3346","UGT2B11"
"3347","UGT3A2"
"3348","UGT8"
"3349","UHRF1BP1"
"3350","UMODL1"
"3351","UNC119B"
"3352","UNC5B"
"3353","UNC5CL"
"3354","UNC80"
"3355","USP13"
"3356","USP32"
"3357","USP48"
"3358","UTS2"
"3359","VANGL1"
"3360","VASH2"
"3361","VCL"
"3362","VCP"
"3363","VDR"
"3364","VEZT"
"3365","VGLL3"
"3366","VIP"
"3367","VKORC1"
"3368","VKORC1L1"
"3369","VLDLR"
"3370","VPS53"
"3371","VSTM1"
"3372","VWA2"
"3373","VWCE"
"3374","WASF3"
"3375","WASIR2"
"3376","WDFY2"
"3377","WDR17"
"3378","WDR34"
"3379","WDR35"
"3380","WDR49"
"3381","WDR77"
"3382","WDR90"
"3383","WDSUB1"
"3384","WFDC3"
"3385","WFS1"
"3386","WHAMM"
"3387","WIF1"
"3388","WIPF3"
"3389","WNT16"
"3390","WT1"
"3391","WWP1"
"3392","XBP1"
"3393","XIST"
"3394","XKR3"
"3395","XKR5"
"3396","XPO7"
"3397","XRCC5"
"3398","XXYLT1"
"3399","XYLT1"
"3400","YBX1"
"3401","YES1"
"3402","YPEL1"
"3403","YPEL4"
"3404","YTHDF2"
"3405","YWHAG"
"3406","YY1"
"3407","ZACN"
"3408","ZAP70"
"3409","ZBTB20"
"3410","ZBTB46"
"3411","ZBTB7A"
"3412","ZC3H6"
"3413","ZC3HAV1"
"3414","ZCRB1"
"3415","ZDHHC2"
"3416","ZFAND1"
"3417","ZFAND6"
"3418","ZFP36"
"3419","ZFP69B"
"3420","ZFPM1"
"3421","ZFR2"
"3422","ZHX1"
"3423","ZHX2"
"3424","ZKSCAN1"
"3425","ZMYM2"
"3426","ZNF107"
"3427","ZNF114"
"3428","ZNF124"
"3429","ZNF135"
"3430","ZNF14"
"3431","ZNF141"
"3432","ZNF185"
"3433","ZNF197"
"3434","ZNF211"
"3435","ZNF214"
"3436","ZNF219"
"3437","ZNF273"
"3438","ZNF283"
"3439","ZNF292"
"3440","ZNF296"
"3441","ZNF326"
"3442","ZNF334"
"3443","ZNF423"
"3444","ZNF43"
"3445","ZNF433"
"3446","ZNF474"
"3447","ZNF48"
"3448","ZNF503"
"3449","ZNF503-AS1"
"3450","ZNF506"
"3451","ZNF541"
"3452","ZNF544"
"3453","ZNF556"
"3454","ZNF575"
"3455","ZNF638"
"3456","ZNF667"
"3457","ZNF669"
"3458","ZNF697"
"3459","ZNF70"
"3460","ZNF703"
"3461","ZNF710"
"3462","ZNF711"
"3463","ZNF718"
"3464","ZNF730"
"3465","ZNF768"
"3466","ZNF79"
"3467","ZRANB1"
"3468","ZSCAN18"
"3469","ZSCAN20"
"3470","ZSCAN32"
"3471","ZSWIM5"
"3472","ZYG11A"
